"k","CH","tot_withinss","between_ss","min_cluster_n","min_cluster_pct","max_cluster_n","ifault"
2,4536.60253131551,29083392970.672,13196618740.7476,4887,48.87,5113,0
3,5417.8063128832,20289019177.378,21990992534.0415,1769,17.69,4411,0
4,5220.36236440016,16472290698.1655,25807721013.254,210,2.1,4449,0
5,5608.7667501797,13030769163.8834,29249242547.5362,201,2.01,4003,0
6,5486.28041593999,11290364660.454,30989647050.9655,199,1.99,3040,0
7,5357.34651585418,10026897120.1921,32253114591.2274,194,1.94,2435,0
8,5426.38347562916,8805566348.01842,33474445363.4011,57,0.57,2425,0
9,5483.11870722644,7843508464.57543,34436503246.8441,57,0.57,2365,0
10,5512.3144160417,7086769073.66281,35193242637.7567,57,0.57,1872,0
11,5471.73062048157,6526953271.7344,35753058439.6851,57,0.57,1612,0
12,5416.18583572359,6070386233.29393,36209625478.1256,57,0.57,1595,0
13,5357.23785503784,5685048677.84634,36594963033.5732,57,0.57,1379,0
14,5267.52202754081,5380930701.24984,36899081010.1697,57,0.57,1401,0
15,5197.54038499003,5101668066.5514,37178343644.8681,57,0.57,1239,0
16,5117.29683296868,4866345813.86336,37413665897.5562,38,0.38,1198,0
17,5051.56580378678,4648060867.05872,37631950844.3608,38,0.38,1254,0
18,4970.26337406481,4467133922.65076,37812877788.7688,28,0.28,1249,0
19,4887.00835834991,4308413210.0996,37971598501.3199,38,0.38,1059,0
20,4833.81464122112,4144021284.9738,38135990426.4457,38,0.38,974,0
21,4736.39133734564,4029462547.7292,38250549163.6903,38,0.38,911,0
22,4651.10374372352,3918860548.22297,38361151163.1965,38,0.38,874,0
23,4584.89225605321,3805576131.5711,38474435579.8484,38,0.38,869,0
24,4499.91230845122,3717022927.46978,38562988783.9497,38,0.38,860,0
25,4438.03785699542,3620488358.03087,38659523353.3886,26,0.26,828,0
26,4378.30138913842,3530900258.19794,38749111453.2216,28,0.28,734,0
27,4325.0883019862,3444211050.21437,38835800661.2051,26,0.26,769,0
28,4268.0041782585,3367323948.21759,38912687763.2019,26,0.26,755,0
29,4210.4942653791,3297028320.3095,38982983391.11,29,0.29,718,0
30,4147.91775374432,3236089076.5759,39043922634.8436,26,0.26,666,0
31,4089.92117962349,3177056804.94726,39102954906.4723,24,0.24,636,0
32,4027.78064540425,3125785487.97951,39154226223.44,26,0.26,673,0
33,3978.31439486864,3069829395.33752,39210182316.082,26,0.26,696,0
34,3924.12516215933,3021340600.88382,39258671110.5357,24,0.24,606,0
35,3882.08819902732,2967964160.4723,39312047550.9472,26,0.26,554,0
36,3846.24807726543,2913751694.27593,39366260017.1436,26,0.26,586,0
37,3798.35462079203,2871335666.18988,39408676045.2296,24,0.24,575,0
38,3749.9383183295,2832319790.27351,39447691921.146,24,0.24,531,0
39,3716.9740983451,2785280695.37697,39494731016.0425,24,0.24,549,0
40,3663.86508372086,2755033579.98404,39524978131.4355,24,0.24,522,0
41,3633.49239402582,2711334017.13783,39568677694.2817,21,0.21,540,0
42,3588.30780133659,2680341583.16072,39599670128.2588,21,0.21,536,0
43,3532.56030277103,2658981961.84628,39621029749.5732,24,0.24,545,0
44,3514.48406450091,2613253624.88352,39666758086.536,3,0.03,466,0
45,3459.15287704261,2595605682.43353,39684406028.986,15,0.15,425,0
46,3418.91047507766,2569245811.24601,39710765900.1735,3,0.03,447,0
47,3388.02192290993,2538044988.0429,39741966723.3766,15,0.15,444,0
48,3358.40697334654,2507615489.01929,39772396222.4002,15,0.15,452,0
49,3304.04260767059,2496237110.50359,39783774600.9159,24,0.24,415,0
50,3312.02234265948,2442454293.20661,39837557418.2129,3,0.03,409,0
